Title,Age avg
 Dr,42.0
 Master,4.574166666666667
 Mlle,24.0
 Jonkheer,38.0
 Mme,24.0
 Lady,48.0
 Rev,43.166666666666664
 Col,58.0
 Don,40.0
 Ms,28.0
 Sir,49.0
 Mrs,35.654205607476634
 Capt,70.0
 Mr,32.368090452261306
 Miss,21.662068965517243
 Major,48.5
 the Countess,33.0
